time;x;y;fx;fy
63;121;-120;0;0
126;121;-120;0;0
189;121;-120;0;0
252;121;-120;0;0
315;121;-120;0;0
378;121;-120;0;0
441;121;-120;0;0
504;121;-120;0;0
567;121;-120;0;0
630;121;-120;0;0
693;121;-120;0;0
756;121;-120;0;0
819;121;-120;0;0
882;121;-120;0;0
945;121;-119;0;123
1008;121;-117;0;123
1071;121;-114;0;123
1134;121;-112;0;123
1197;121;-111;0;123
1260;121;-109;0;230
1323;121;-102;0;230
1386;121;-99;0;230
1449;121;-95;0;230
1512;121;-92;0;230
1575;121;-89;0;215
1638;121;-82;0;215
1701;121;-79;0;215
1764;121;-76;0;215
1827;121;-72;0;215
1890;121;-66;0;209
1953;121;-63;0;209
2016;121;-59;0;209
2079;121;-56;0;209
2142;121;-49;0;209
2205;121;-46;0;208
2268;121;-43;0;208
2331;121;-40;0;208
2394;121;-33;0;208
2457;121;-30;0;208
2520;121;-27;0;168
2583;121;-25;0;168
2646;121;-20;0;168
2709;121;-17;0;168
2772;121;-15;0;168
2835;121;-10;0;165
2898;121;-7;0;165
2961;121;-5;0;165
3024;121;-2;0;165
3087;121;0;0;165
3150;121;4;0;158
3213;121;6;0;158
3276;121;8;0;158
3339;121;10;0;158
3402;121;14;0;164
3465;121;17;0;164
3528;121;19;0;164
3591;121;22;0;164
3654;121;27;0;164
3717;121;29;0;132
3780;121;31;0;132
3843;121;33;0;132
3906;121;36;0;132
3969;121;38;0;132
4032;121;39;0;130
4095;121;41;0;130
4158;121;45;0;130
4221;121;46;0;130
4284;121;48;0;130
4347;121;50;0;130
4410;121;54;0;146
4473;121;56;0;146
4536;121;58;0;146
4599;121;60;0;146
4662;121;64;0;136
4725;121;66;0;136
4788;121;68;0;136
4851;121;70;0;136
4914;121;74;0;136
4977;121;76;0;115
5040;121;77;0;115
5103;121;79;0;115
5166;121;82;0;115
5229;121;83;0;115
5292;121;85;0;112
5355;121;86;0;112
5418;121;89;0;112
5481;121;90;0;112
5544;121;92;0;112
5607;121;93;0;98
5670;121;93;0;98
5733;121;93;0;98
5796;121;93;0;98
5859;121;93;0;98
5922;121;95;0;139
5985;121;97;0;139
6048;121;99;0;139
6111;121;101;0;139
6174;121;105;0;130
6237;121;107;0;130
6300;121;109;0;130
6363;121;111;0;130
6426;121;114;0;130
6489;121;116;0;130
6552;121;116;0;101
6615;121;116;0;101
6678;121;116;0;101
6741;121;116;0;101
6804;121;116;0;101
6867;121;116;0;89
6930;121;116;0;89
6993;121;116;0;89
7056;121;116;0;89
7119;121;116;0;89
7182;121;116;0;107
7245;121;116;0;107
7308;121;116;0;107
7371;121;116;0;107
7434;121;116;0;48
7497;121;116;0;48
7560;121;116;0;48
7623;121;116;0;48
7686;121;116;0;48
7749;121;116;0;0
7812;121;116;0;0
7875;121;116;0;0
7938;121;116;-26;0
8001;121;116;-26;0
8064;121;116;-26;0
8127;121;116;-26;0
8190;121;116;-26;0
8253;121;116;-26;0
8316;121;116;-42;0
8379;121;116;-42;0
8442;121;116;-42;0
8505;121;116;-42;0
8568;121;116;-42;0
8631;121;116;-42;0
8694;121;116;-48;0
8757;121;116;-48;0
8820;121;116;-48;0
8883;121;116;-48;0
8946;121;116;-61;0
9009;121;116;-61;0
9072;121;116;-61;0
9135;121;116;-61;0
9198;121;116;-61;0
9261;121;116;-75;0
9324;121;116;-75;0
9387;121;116;-75;0
9450;121;116;-75;0
9513;121;116;-75;0
9576;121;116;-93;0
9639;121;116;-93;-41
9702;121;116;-93;-41
9765;121;116;-93;-41
9828;121;116;-93;-41
9891;121;116;-143;-41
9954;117;116;-143;-75
10017;115;116;-143;-75
10080;113;116;-143;-75
10143;111;116;-143;-75
10206;107;116;-134;-98
10269;106;116;-134;-98
10332;104;116;-134;-98
10395;102;116;-134;-98
10458;99;116;0;-98
10521;99;116;0;-248
10584;99;111;0;-248
10647;99;106;0;-248
10710;99;97;0;-248
10773;99;92;0;-248
10836;99;87;-40;-248
10899;99;84;-40;-167
10962;99;79;-40;-167
11025;99;77;-40;-167
11088;99;74;-40;-167
11151;97;72;-133;-167
11214;94;71;-133;0
11277;92;71;-133;0
11340;90;71;-133;0
11403;89;71;-133;0
11466;86;71;-113;0
11529;84;70;-113;-194
11592;83;67;-113;-194
11655;81;64;-113;-194
11718;79;58;-87;-194
11781;79;54;-87;-194
11844;79;52;-87;-125
11907;79;50;-87;-125
11970;79;46;-87;-125
12033;78;45;-135;-125
12096;77;43;-135;-125
12159;75;42;-135;-28
12222;71;42;-135;-28
12285;69;42;-135;-28
12348;67;42;-134;-28
12411;65;42;-134;-28
12474;62;42;-134;-61
12537;60;42;-134;-61
12600;58;42;-134;-61
12663;57;42;-114;-61
12726;54;42;-114;-81
12789;52;42;-114;-81
12852;51;42;-114;-81
12915;49;42;-114;-81
12978;46;42;-119;-81
13041;45;42;-119;-81
13104;43;40;-119;-128
13167;42;39;-119;-128
13230;39;35;-119;-128
13293;37;33;-117;-128
13356;34;30;-117;-132
13419;34;30;-117;-132
13482;31;26;-117;-132
13545;30;25;-117;-132
13608;28;23;-123;-132
13671;25;20;-123;-93
13734;23;20;-123;-93
13797;21;20;-123;-93
13860;19;20;-92;-93
13923;19;20;-92;-93
13986;19;20;-92;-116
14049;19;18;-92;-116
14112;19;17;-92;-116
14175;19;15;-92;-116
14238;19;13;-93;-116
14301;19;11;-93;-121
14364;19;9;-93;-121
14427;19;8;-93;-121
14490;19;4;-115;-121
14553;17;3;-115;-121
14616;16;1;-115;-60
14679;14;1;-115;-60
14742;11;1;-115;-60
14805;10;1;-164;-60
14868;7;1;-164;-60
14931;5;1;-164;-66
14994;0;1;-164;-66
15057;-1;1;-164;-66
15120;-4;1;-164;-66
15183;-4;1;-96;-66
15246;-4;0;-96;-117
15309;-4;-1;-96;-117
15372;-4;-2;-96;-117
15435;-4;-4;-96;-117
15498;-7;-7;-111;-117
15561;-8;-8;-111;-118
15624;-10;-10;-111;-118
15687;-13;-13;-111;-118
15750;-14;-14;-135;-118
15813;-16;-16;-135;-118
15876;-18;-16;-135;-101
15939;-22;-16;-135;-101
16002;-24;-16;-135;-101
16065;-25;-16;-104;-101
16128;-25;-16;-104;-101
16191;-25;-19;-104;-153
16254;-25;-21;-104;-153
16317;-25;-23;-104;-153
16380;-25;-25;-103;-153
16443;-25;-27;-103;-153
16506;-25;-32;-103;-162
16569;-25;-34;-103;-162
16632;-25;-37;-103;-162
16695;-26;-39;-120;-162
16758;-29;-44;-120;-162
16821;-31;-46;-120;-110
16884;-32;-46;-120;-110
16947;-34;-46;-120;-110
17010;-37;-46;-122;-110
17073;-39;-46;-122;-110
17136;-41;-46;-122;-170
17199;-44;-51;-122;-170
17262;-46;-53;-122;-170
17325;-46;-56;-94;-170
17388;-46;-58;-94;-170
17451;-46;-61;-94;-170
17514;-46;-65;-94;-155
17577;-46;-67;-94;-155
17640;-47;-69;-133;-155
17703;-51;-73;-133;-155
17766;-52;-74;-133;-110
17829;-54;-74;-133;-110
17892;-56;-74;-133;-110
17955;-58;-74;-146;-110
18018;-62;-74;-146;-110
18081;-64;-75;-146;-115
18144;-66;-76;-146;-115
18207;-70;-79;-137;-115
18270;-72;-81;-137;-115
18333;-74;-82;-137;-115
18396;-78;-85;-137;-118
18459;-78;-85;-137;-118
18522;-82;-88;-149;-118
18585;-84;-90;-149;-118
18648;-86;-91;-149;-118
18711;-90;-92;-149;-103
18774;-93;-92;-149;-103
18837;-95;-92;-132;-103
18900;-96;-92;-132;-103
18963;-100;-93;-132;-158
19026;-102;-95;-132;-158
19089;-103;-97;-132;-158
19152;-105;-99;-102;-158
19215;-105;-103;-102;-158
19278;-105;-105;-102;-198
19341;-105;-108;-102;-198
19404;-105;-112;-102;-198
19467;-105;-118;-100;-198
19530;-105;-121;-100;-198
19593;-105;-125;-100;-198
19656;-105;-126;-100;-111
19719;-105;-129;-100;-111
19782;-106;-130;-145;-111
19845;-108;-130;-145;-111
19908;-110;-130;-145;-111
19971;-112;-130;-145;-93
20034;-116;-130;-145;-93
20097;-118;-130;-111;-93
20160;-119;-130;-111;-93
20223;-121;-130;-111;-93
20286;-124;-130;-111;-152
20349;-125;-130;-111;-152
20412;-126;-130;-54;-152
20475;-126;-130;-54;-152
20538;-126;-130;-54;-60
20601;-126;-130;-54;-60
20664;-126;-130;-54;-60
20727;-126;-130;-32;-60
20790;-126;-130;-32;-60
20853;-126;-130;-32;0
20916;-126;-130;-32;0
20979;-126;-130;0;0
21042;-126;-130;0;0
21105;-126;-130;0;0
21168;-126;-130;0;0
21231;-126;-130;0;0
21294;-126;-130;0;0
21357;-126;-130;0;0
21420;-126;-130;0;0
21483;-126;-130;0;0
21546;-126;-130;0;0
21609;-126;-130;0;0
21672;-126;-130;0;0
21735;-126;-130;0;0
21798;-126;-130;0;0
21861;-126;-130;0;0
21924;-126;-130;0;0
21987;-126;-130;0;0
22050;-126;-130;0;0
22113;-126;-130;0;0
22176;-126;-130;0;0
22239;-126;-130;0;0
22302;-126;-130;0;0
22365;-126;-130;0;0
22428;-126;-130;0;0
22491;-126;-130;0;0
22554;-126;-130;0;0
22617;-126;-130;49;0
22680;-126;-130;49;0
22743;-126;-130;49;0
22806;-126;-130;49;0
22869;-126;-130;49;0
22932;-125;-130;195;0
22995;-119;-130;195;0
23058;-115;-130;195;0
23121;-112;-130;195;0
23184;-109;-130;195;0
23247;-106;-130;420;0
23310;-98;-130;420;0
23373;-95;-130;420;0
23436;-87;-130;420;0
23499;-84;-130;420;0
23562;-80;-130;323;0
23625;-76;-130;323;0
23688;-73;-130;323;0
23751;-65;-130;323;0
23814;-62;-130;323;0
23877;-58;-130;323;0
23940;-55;-130;372;0
24003;-47;-130;372;0
24066;-44;-130;372;0
24129;-40;-130;372;0
24192;-36;-130;372;0
24255;-29;-130;389;0
24318;-25;-130;389;0
24381;-22;-130;389;0
24444;-18;-130;389;0
24507;-11;-130;409;0
24570;-7;-130;409;0
24633;-3;-130;409;0
24696;0;-130;409;28
24759;6;-130;409;28
24822;10;-130;395;28
24885;14;-130;395;28
24948;17;-130;395;28
25011;25;-130;395;57
25074;28;-130;395;57
25137;32;-130;368;57
25200;39;-130;368;57
25263;39;-130;368;57
25326;46;-130;368;40
25389;50;-130;368;40
25452;54;-130;338;40
25515;61;-130;338;40
25578;65;-130;338;0
25641;68;-130;338;0
25704;72;-130;338;0
25767;80;-130;266;0
25830;85;-130;266;0
25893;90;-130;266;0
25956;95;-130;266;0
26019;104;-130;266;0
26082;107;-130;192;0
26145;111;-130;192;0
26208;117;-130;192;0
26271;117;-130;192;0
26334;124;-130;192;0
26397;126;-130;124;0
26460;127;-130;124;0
26523;131;-130;124;0
26586;132;-130;124;0
26649;134;-130;124;0
26712;135;-130;0;0
26775;135;-130;0;0
26838;135;-130;0;0
26901;135;-130;0;0
26964;135;-130;0;0
27027;135;-130;0;0
27090;135;-130;0;0
27153;135;-130;0;0
27216;135;-130;0;0
27279;135;-130;0;0
27342;135;-130;0;0
27405;135;-130;0;0
27468;135;-130;0;0
27531;135;-130;0;0
27594;135;-130;0;0
27657;135;-130;0;0
27720;135;-130;0;0
27783;135;-130;0;54
27846;135;-130;0;54
27909;135;-130;0;54
27972;135;-130;0;54
28035;135;-130;0;56
28098;135;-130;0;56
28161;135;-130;0;56
28224;135;-130;0;56
28287;135;-130;0;56
28350;135;-130;0;56
28413;135;-128;0;125
28476;135;-126;0;125
28539;135;-125;0;125
28602;135;-121;0;125
28665;135;-119;0;125
28728;135;-118;0;128
28791;135;-114;0;128
28854;135;-113;0;128
28917;135;-111;0;128
28980;135;-109;0;128
29043;135;-108;0;0
29106;135;-108;0;0
29169;135;-108;0;0
29232;135;-108;0;0
29295;135;-108;0;-38
29358;135;-108;0;-38
29421;135;-108;0;-38
29484;135;-108;0;-38
29547;135;-108;0;0
29610;135;-108;0;0
29673;135;-108;-30;0
29736;135;-108;-30;0
29799;135;-108;-30;0
29862;135;-108;-30;0
29925;135;-108;-30;0
29988;135;-108;-48;0
30051;135;-108;-48;0
30114;135;-108;-48;0
30177;135;-108;-48;0
30240;135;-108;-48;33
30303;135;-108;-71;33
30366;135;-108;-71;33
30429;135;-108;-71;33
30492;135;-108;-71;33
30555;135;-108;-71;33
30618;135;-108;-89;38
30681;135;-108;-89;38
30744;135;-108;-89;38
30807;135;-108;-89;38
30870;135;-108;-89;69
30933;135;-108;-103;69
30996;135;-108;-103;69
31059;135;-108;-103;69
31122;135;-108;-103;69
31185;135;-108;-103;38
31248;134;-108;-111;38
31311;131;-108;-111;38
31374;129;-108;-111;38
31437;128;-108;-111;38
31500;125;-108;-136;0
31563;123;-108;-136;0
31626;121;-108;-136;0
31689;119;-108;-136;0
31752;117;-108;-136;0
31815;115;-107;-136;397
31878;114;-100;-44;397
31941;114;-97;-44;397
32004;114;-93;-44;397
32067;114;-89;-44;397
32130;114;-86;-81;31
32193;114;-86;-81;31
32256;114;-86;-81;31
32319;114;-86;-81;31
32382;114;-86;-81;0
32445;114;-86;-118;0
32508;112;-86;-118;0
32571;111;-86;-118;0
32634;108;-86;-118;0
32697;106;-86;-118;0
32760;105;-86;-118;0
32823;101;-86;-135;0
32886;99;-86;-135;0
32949;97;-86;-135;0
33012;95;-86;-135;0
33075;92;-81;-74;212
33138;92;-77;-74;212
33201;92;-74;-74;212
33264;92;-71;-74;212
33327;92;-67;-74;29
33390;92;-67;-98;29
33453;92;-67;-98;29
33516;92;-67;-98;29
33579;92;-67;-98;29
33642;92;-67;-98;29
33705;91;-67;-174;0
33768;88;-67;-174;0
33831;82;-67;-174;0
33894;79;-67;-174;0
33957;77;-67;-174;0
34020;71;-67;-161;0
34083;69;-67;-161;0
34146;67;-67;-161;0
34209;64;-67;-161;0
34272;62;-67;-161;0
34335;60;-61;-67;266
34398;60;-56;-67;266
34461;60;-51;-67;266
34524;60;-47;-67;266
34587;60;-37;-122;0
34650;59;-37;-122;0
34713;57;-37;-122;0
34776;55;-37;-122;0
34839;52;-37;-122;0
34902;50;-37;-122;0
34965;48;-37;-150;0
35028;45;-37;-150;0
35091;41;-37;-150;0
35154;38;-37;-150;0
35217;36;-37;-150;0
35280;33;-31;-131;225
35343;31;-28;-131;225
35406;29;-25;-131;225
35469;28;-22;-131;225
35532;26;-18;-131;225
35595;25;-17;-109;106
35658;25;-17;-109;106
35721;25;-17;-109;106
35784;25;-17;-109;106
35847;24;-17;-146;0
35910;22;-17;-146;0
35973;20;-17;-146;0
36036;18;-17;-146;0
36099;14;-17;-146;0
36162;12;-17;-151;63
36225;10;-17;-151;63
36288;5;-17;-151;63
36351;3;-17;-151;63
36414;1;-17;-151;63
36477;0;-16;-90;268
36540;0;-11;-90;268
36603;0;-2;-90;268
36666;0;2;-90;268
36729;0;7;-90;268
36792;0;12;-94;0
36855;0;12;-94;0
36918;0;12;-94;0
36981;0;12;-94;0
37044;0;12;-94;0
37107;-3;12;-166;0
37170;-5;12;-166;68
37233;-7;12;-166;68
37296;-10;12;-166;68
37359;-14;12;-166;68
37422;-18;12;-259;68
37485;-22;15;-259;235
37548;-27;20;-259;235
37611;-31;24;-259;235
37674;-40;33;-259;235
37737;-42;37;-97;235
37800;-42;44;-97;240
37863;-42;47;-97;240
37926;-42;51;-97;240
37989;-42;55;-97;240
38052;-42;58;-87;240
38115;-42;60;-87;0
38178;-42;60;-87;0
38241;-42;60;-87;0
38304;-42;60;-87;0
38367;-45;60;-182;107
38430;-48;60;-182;107
38493;-51;60;-182;107
38556;-54;60;-182;107
38619;-57;60;-182;107
38682;-62;60;-179;0
38745;-65;60;-179;0
38808;-68;60;-179;0
38871;-74;60;-179;0
38934;-77;60;-132;0
38997;-79;60;-132;313
39060;-80;64;-132;313
39123;-82;67;-132;313
39186;-86;74;-132;313
39249;-87;78;-132;313
39312;-89;81;-132;313
39375;-94;82;-171;0
39438;-96;82;-171;0
39501;-99;82;-171;0
39564;-101;82;-171;0
39627;-103;82;-171;0
39690;-110;82;-221;69
39753;-114;82;-221;69
39816;-122;82;-221;69
39879;-125;82;-221;69
39942;-128;84;-154;617
40005;-131;88;-154;617
40068;-135;97;-154;617
40131;-137;102;-154;617
40194;-140;106;-154;617
40257;-141;110;0;478
40320;-141;114;0;478
40383;-141;118;0;478
40446;-141;125;0;478
40509;-141;128;0;478
40572;-141;130;0;0
40635;-141;130;0;0
40698;-140;130;151;0
40761;-138;130;151;0
40824;-134;130;151;-63
40887;-132;130;151;-63
40950;-130;130;151;-63
41013;-129;130;75;-63
41076;-129;130;75;-63
41139;-129;130;75;0
41202;-129;130;75;0
41265;-129;130;75;0
41328;-129;130;0;0
41391;-129;130;0;0
41454;-129;130;0;0
41517;-129;130;0;0
41580;-129;130;0;0
41643;-129;130;0;0
41706;-129;130;0;0
41769;-129;130;0;0
41832;-129;130;0;0
41895;-129;130;0;0
41958;-129;130;0;0
42021;-129;130;0;0
42084;-129;130;0;0
42147;-129;130;0;-44
42210;-129;130;0;-44
42273;-129;130;0;-44
42336;-129;130;0;-44
42399;-129;128;0;-202
42462;-129;125;0;-202
42525;-129;121;0;-202
42588;-129;115;0;-202
42651;-129;111;0;-202
42714;-129;108;0;-133
42777;-129;107;0;-133
42840;-129;103;0;-133
42903;-129;102;0;-133
42966;-129;100;0;-133
43029;-129;98;0;53
43092;-129;98;-32;53
43155;-129;98;-32;53
43218;-129;98;-32;53
43281;-129;98;-32;53
43344;-129;98;-32;145
43407;-129;102;-28;145
43470;-129;104;-28;145
43533;-129;107;-28;145
43596;-129;109;-28;145
43659;-129;111;-28;68
43722;-129;111;0;68
43785;-129;111;0;68
43848;-129;111;0;68
43911;-129;111;0;68
43974;-129;111;0;0
44037;-129;111;0;0
44100;-129;111;0;0
44163;-129;111;0;0
44226;-129;111;0;0
44289;-129;111;0;-77
44352;-129;111;0;-77
44415;-129;111;0;-77
44478;-129;111;0;-77
44541;-129;111;0;-77
44604;-129;108;0;-144
44667;-129;106;0;-144
44730;-129;104;0;-144
44793;-129;102;0;-144
44856;-129;99;0;-144
44919;-129;98;0;-133
44982;-129;94;0;-133
45045;-129;92;0;-133
45108;-129;91;0;-133
45171;-129;87;0;-139
45234;-129;85;0;-139
45297;-129;83;0;-139
45360;-129;81;0;-139
45423;-129;77;0;-139
45486;-129;75;0;-152
45549;-129;73;0;-152
45612;-129;71;0;-152
45675;-129;69;0;-152
45738;-129;65;0;-152
45801;-129;63;0;-152
45864;-129;60;0;-161
45927;-129;55;0;-161
45990;-129;53;0;-161
46053;-129;50;0;-161
46116;-129;48;0;-161
46179;-129;43;0;-164
46242;-129;40;0;-164
46305;-129;38;0;-164
46368;-129;35;0;-164
46431;-129;30;0;-168
46494;-129;28;0;-168
46557;-129;25;0;-168
46620;-129;20;0;-168
46683;-129;18;0;-168
46746;-129;15;0;-173
46809;-129;12;0;-173
46872;-129;7;0;-173
46935;-129;5;0;-173
46998;-129;2;0;-173
47061;-129;0;0;-154
47124;-129;-1;0;-154
47187;-129;-5;0;-154
47250;-129;-7;0;-154
47313;-129;-10;0;-154
47376;-129;-13;0;-132
47439;-129;-15;0;-132
47502;-129;-17;0;-132
47565;-129;-18;0;-132
47628;-129;-20;0;-132
47691;-129;-22;0;-121
47754;-129;-25;0;-121
47817;-129;-27;0;-121
47880;-129;-29;0;-121
47943;-129;-31;0;-121
48006;-129;-34;0;-142
48069;-129;-36;0;-142
48132;-129;-38;0;-142
48195;-129;-42;0;-142
48258;-129;-44;34;-142
48321;-129;-47;34;-155
48384;-129;-49;34;-155
48447;-129;-53;34;-155
48510;-129;-55;34;-155
48573;-129;-57;54;-155
48636;-129;-59;54;-164
48699;-129;-64;54;-164
48762;-129;-67;54;-164
48825;-129;-69;54;-164
48888;-129;-72;68;-164
48951;-129;-74;68;-145
49014;-129;-78;68;-145
49077;-129;-80;68;-145
49140;-129;-82;68;-145
49203;-129;-84;73;-145
49266;-129;-88;73;-134
49329;-129;-90;73;-134
49392;-129;-91;73;-134
49455;-129;-95;57;-134
49518;-129;-96;57;-76
49581;-129;-96;57;-76
49644;-129;-96;57;-76
49707;-129;-96;57;-76
49770;-129;-96;45;-76
49833;-129;-96;45;-62
49896;-129;-96;45;-62
49959;-129;-96;45;-62
50022;-129;-96;45;-62
50085;-129;-96;49;-62
50148;-129;-96;49;-62
50211;-129;-96;49;-89
50274;-129;-96;49;-89
50337;-129;-96;49;-89
50400;-129;-96;49;-89
50463;-129;-98;92;-157
50526;-129;-100;92;-157
50589;-129;-102;92;-157
50652;-129;-104;92;-157
50715;-129;-106;92;-157
50778;-129;-110;90;-146
50841;-129;-112;90;-146
50904;-129;-114;90;-146
50967;-129;-118;90;-146
51030;-129;-120;32;-146
51093;-129;-122;32;-50
51156;-129;-122;32;-50
51219;-129;-122;32;-50
51282;-129;-122;32;-50
51345;-129;-122;32;-50
51408;-129;-122;32;0
51471;-129;-122;32;0
51534;-129;-122;32;0
51597;-129;-122;32;0
51660;-129;-122;108;0
51723;-129;-122;108;0
51786;-129;-122;108;0
51849;-129;-122;108;0
51912;-129;-122;276;0
51975;-124;-122;276;0
52038;-119;-122;276;0
52101;-114;-122;276;0
52164;-110;-122;276;0
52227;-100;-122;496;0
52290;-97;-122;496;0
52353;-93;-122;496;0
52416;-86;-122;496;0
52479;-82;-122;496;0
52542;-78;-122;496;0
52605;-75;-122;391;0
52668;-71;-122;391;0
52731;-67;-122;391;0
52794;-57;-122;391;0
52857;-53;-122;435;0
52920;-46;-122;435;0
52983;-42;-122;435;0
53046;-38;-122;435;0
53109;-35;-122;435;0
53172;-27;-122;454;0
53235;-24;-122;454;0
53298;-20;-122;454;27
53361;-13;-122;454;27
53424;-9;-122;422;27
53487;-6;-122;422;27
53550;-2;-122;422;27
53613;1;-122;422;40
53676;8;-122;422;40
53739;11;-122;418;40
53802;15;-122;418;40
53865;22;-122;418;57
53928;26;-122;418;57
53991;30;-122;418;57
54054;33;-122;390;57
54117;37;-122;390;57
54180;44;-122;390;62
54243;48;-122;390;62
54306;52;-122;390;62
54369;55;-122;359;62
54432;63;-122;359;62
54495;66;-122;359;62
54558;70;-122;359;56
54621;73;-122;359;56
54684;77;-122;359;56
54747;84;-122;349;56
54810;88;-122;349;56
54873;95;-122;349;49
54936;99;-122;349;49
54999;103;-122;260;49
55062;108;-122;260;49
55125;113;-122;260;49
55188;117;-122;260;49
55251;127;-122;260;42
55314;129;-122;72;42
55377;129;-122;72;42
55440;129;-122;72;42
55503;129;-122;72;52
55566;129;-122;72;52
55629;129;-122;0;52
55692;129;-122;0;52
55755;129;-122;0;52
55818;129;-122;0;78
55881;129;-122;0;78
55944;129;-122;0;78
56007;129;-122;0;78
56070;129;-122;0;78
56133;129;-119;0;154
56196;129;-117;0;154
56259;129;-115;0;154
56322;129;-113;0;154
56385;129;-111;0;154
56448;129;-108;0;213
56511;129;-102;0;213
56574;129;-99;0;213
56637;129;-92;0;213
56700;129;-89;0;213
56763;129;-89;0;0
56826;129;-89;0;0
56889;129;-89;-39;0
56952;129;-89;-39;0
57015;129;-89;-39;-30
57078;129;-89;-39;-30
57141;129;-89;-39;-30
57204;129;-89;-46;-30
57267;129;-89;-46;-30
57330;129;-89;-46;0
57393;129;-89;-46;0
57456;129;-89;-54;0
57519;129;-89;-54;0
57582;129;-89;-54;0
57645;129;-89;-54;0
57708;129;-89;-54;0
57771;129;-89;-107;0
57834;129;-89;-107;0
57897;129;-89;-107;0
57960;129;-89;-107;0
58023;129;-89;-107;0
58086;129;-89;-127;0
58149;127;-89;-127;0
58212;124;-89;-127;0
58275;122;-89;-127;0
58338;120;-89;-127;0
58401;117;-89;-122;0
58464;115;-89;-122;0
58527;114;-89;-122;0
58590;112;-89;-122;0
58653;110;-89;-122;310
58716;109;-85;-47;310
58779;108;-78;-47;310
58842;108;-74;-47;310
58905;108;-67;-47;310
58968;108;-67;-47;62
59031;108;-67;-85;62
59094;108;-67;-85;62
59157;108;-67;-85;62
59220;108;-67;-85;62
59283;108;-67;-85;0
59346;107;-67;-128;0
59409;106;-67;-128;0
59472;104;-67;-128;0
59535;100;-67;-128;0
59598;97;-67;-154;0
59661;94;-67;-154;0
59724;92;-67;-154;0
59787;90;-67;-154;0
59850;87;-67;-154;0
59913;84;-62;-101;203
59976;84;-59;-101;203
60039;84;-55;-101;203
60102;84;-52;-101;203
60165;84;-49;-101;203
60228;83;-46;-228;0
60291;79;-46;-228;0
60354;75;-46;-228;0
60417;72;-46;-228;-28
60480;68;-46;-228;-28
60543;60;-46;-228;-28
60606;57;-46;-228;-28
60669;53;-46;-228;-28
60732;49;-46;-228;0
60795;41;-46;-228;430
60858;38;-43;-75;430
60921;38;-40;-75;430
60984;38;-36;-75;430
61047;38;-32;-75;430
61110;38;-25;-75;430
61173;38;-25;-108;0
61236;38;-25;-108;0
61299;38;-25;-108;0
61362;38;-25;-108;0
61425;38;-25;-108;0
61488;36;-25;-168;0
61551;34;-25;-168;0
61614;32;-25;-168;0
61677;29;-25;-168;0
61740;27;-25;-168;0
61803;22;-25;-178;95
61866;19;-25;-178;95
61929;16;-25;-178;95
61992;13;-25;-178;95
62055;8;-24;-178;163
62118;5;-21;-178;163
62181;4;-19;-103;163
62244;4;-16;-103;163
62307;4;-11;-103;163
62370;4;-9;-103;209
62433;4;-5;-103;209
62496;4;-2;-103;209
62559;1;4;-138;209
62622;0;7;-138;209
62685;-2;9;-138;0
62748;-5;9;-138;0
62811;-7;9;-126;0
62874;-9;9;-126;0
62937;-13;9;-126;26
63000;-14;9;-126;26
63063;-16;9;-126;26
63126;-18;9;-122;26
63189;-21;9;-122;26
63252;-23;9;-122;26
63315;-24;12;-122;202
63378;-26;15;-122;202
63441;-28;22;-108;202
63504;-28;25;-108;202
63567;-28;28;-108;202
63630;-28;31;-108;154
63693;-28;35;-108;154
63756;-28;37;-103;154
63819;-28;39;-103;154
63882;-28;41;-103;154
63945;-28;42;-103;55
64008;-28;42;-103;55
64071;-30;42;-186;55
64134;-32;42;-186;55
64197;-35;42;-186;55
64260;-41;42;-186;108
64323;-44;42;-186;108
64386;-47;42;-177;108
64449;-50;42;-177;108
64512;-55;44;-177;269
64575;-58;48;-177;269
64638;-60;53;-177;269
64701;-64;62;-138;269
64764;-66;67;-138;269
64827;-68;70;-138;0
64890;-70;70;-138;0
64953;-74;70;-139;0
65016;-76;70;-139;0
65079;-78;70;-139;0
65142;-80;71;-139;119
65205;-84;74;-139;119
65268;-86;75;-154;119
65331;-88;76;-154;119
65394;-92;79;-154;119
65457;-94;84;-154;354
65520;-99;92;-154;354
65583;-99;100;-104;354
65646;-99;103;-104;354
65709;-99;104;-104;98
65772;-99;104;-104;98
65835;-102;104;-128;98
65898;-104;104;-128;98
65961;-106;106;-128;234
66024;-109;113;-128;234
66087;-111;116;-149;234
66150;-113;120;-149;234
66213;-119;126;-149;64
66276;-121;126;-149;64
66339;-123;126;-63;64
66402;-123;126;-63;64
66465;-123;126;-63;0
66528;-123;126;-63;0
66591;-123;126;-33;0
66654;-123;126;-33;0
66717;-123;126;-33;0
66780;-123;126;-33;0
66843;-123;126;-33;0
66906;-123;126;-34;0
66969;-123;126;-34;0
67032;-123;126;-34;30
67095;-123;126;-34;30
67158;-123;126;-34;30
67221;-123;126;0;30
67284;-123;126;0;30
67347;-123;126;0;30
67410;-123;126;0;30
67473;-123;126;0;30
67536;-121;126;124;30
67599;-120;126;124;30
67662;-118;126;124;30
67725;-116;126;124;0
67788;-113;126;124;0
67851;-113;126;82;0
67914;-113;126;82;0
67977;-113;126;82;0
68040;-113;126;82;-32
68103;-113;126;82;-32
68166;-111;126;195;-32
68229;-104;126;195;-32
68292;-101;126;195;-32
68355;-98;126;195;0
68418;-94;126;195;0
68481;-88;126;219;0
68544;-85;126;219;0
68607;-81;126;219;0
68670;-71;126;245;-47
68733;-67;126;245;-47
68796;-62;126;245;-47
68859;-57;126;245;-47
68922;-48;126;245;-42
68985;-43;126;245;-42
69048;-39;126;245;-42
69111;-24;126;245;-42
69174;-20;126;245;-42
69237;-15;126;248;-42
69300;-11;126;248;-42
69363;-1;126;248;-42
69426;3;126;248;-42
69489;7;126;248;-66
69552;21;126;249;-66
69615;26;126;249;-66
69678;31;126;249;-66
69741;40;126;249;-46
69804;44;126;226;-46
69867;47;126;226;-46
69930;54;126;226;-46
69993;60;126;226;-49
70056;63;126;164;-49
70119;71;126;164;-49
70182;73;126;164;-43
70245;78;126;131;-43
70308;81;126;131;-43
70371;84;126;131;-40
70434;86;126;131;-40
70497;91;126;175;-40
70560;96;126;175;-40
70623;98;126;175;-46
70686;103;126;187;-46
70749;106;126;187;-46
70812;111;126;187;-46
70875;118;126;95;-51
70938;118;126;95;-51
71001;118;126;95;-51
71064;118;126;95;-66
71127;118;126;95;-66
71190;118;126;0;-66
71253;118;126;0;-66
71316;118;126;0;-78
71379;118;126;34;-78
71442;118;126;34;-78
71505;118;126;34;-56
71568;118;126;34;-56
71631;118;126;52;-56
71694;118;126;52;-56
71757;118;126;52;-56
71820;118;126;52;-54
71883;118;126;0;-54
71946;118;126;0;-54
72009;118;126;0;0
72072;118;126;0;0
72135;118;126;0;0
72198;118;126;0;0
